INSERT INTO Rider (Rider_Id, FirstName, MiddleName, LastName, Email, Phone_No, Password_Hash, Is_Verified, Created_At) VALUES
(1, 'Aarav', 'Kumar', 'Patel', 'aarav.patel1@email.com', '+919876540001', 'hash1', TRUE, '2023-10-01 08:30:00'),
(2, 'Priya', NULL, 'Sharma', 'priya.sharma2@email.com', '+919876540002', 'hash2', TRUE, '2023-10-02 09:15:00'),
(3, 'Rahul', 'Singh', 'Verma', 'rahul.verma3@email.com', '+919876540003', 'hash3', TRUE, '2023-10-03 10:45:00'),
(4, 'Neha', 'Kumari', 'Gupta', 'neha.gupta4@email.com', '+919876540004', 'hash4', TRUE, '2023-10-05 14:20:00'),
(5, 'Vikram', 'Rao', 'Desai', 'vikram.desai5@email.com', '+919876540005', 'hash5', FALSE, '2023-10-10 16:10:00'),
(6, 'Ananya', NULL, 'Reddy', 'ananya.reddy6@email.com', '+919876540006', 'hash6', TRUE, '2023-10-12 11:05:00'),
(7, 'Rohan', 'Dev', 'Joshi', 'rohan.joshi7@email.com', '+919876540007', 'hash7', TRUE, '2023-10-15 13:50:00'),
(8, 'Kavya', NULL, 'Nair', 'kavya.nair8@email.com', '+919876540008', 'hash8', FALSE, '2023-10-18 09:40:00'),
(9, 'Arjun', 'Kumar', 'Mehta', 'arjun.mehta9@email.com', '+919876540009', 'hash9', TRUE, '2023-10-20 18:25:00'),
(10, 'Sneha', 'Prasad', 'Iyer', 'sneha.iyer10@email.com', '+919876540010', 'hash10', TRUE, '2023-10-22 20:15:00'),
(11, 'Karan', 'Raj', 'Malhotra', 'karan.malhotra11@email.com', '+919876540011', 'hash11', TRUE, '2023-10-23 08:00:00'),
(12, 'Pooja', NULL, 'Hegde', 'pooja.hegde12@email.com', '+919876540012', 'hash12', TRUE, '2023-10-23 09:30:00'),
(13, 'Aditya', 'Vardhan', 'Roy', 'aditya.roy13@email.com', '+919876540013', 'hash13', TRUE, '2023-10-23 10:15:00'),
(14, 'Riya', 'Kumari', 'Sen', 'riya.sen14@email.com', '+919876540014', 'hash14', FALSE, '2023-10-24 11:00:00'),
(15, 'Siddharth', NULL, 'Menon', 'sid.menon15@email.com', '+919876540015', 'hash15', TRUE, '2023-10-24 12:45:00'),
(16, 'Divya', 'Prakash', 'Tiwari', 'divya.t16@email.com', '+919876540016', 'hash16', TRUE, '2023-10-24 14:20:00'),
(17, 'Varun', 'Tej', 'Kapoor', 'varun.kapoor17@email.com', '+919876540017', 'hash17', TRUE, '2023-10-25 09:10:00'),
(18, 'Nisha', NULL, 'Ahuja', 'nisha.ahuja18@email.com', '+919876540018', 'hash18', TRUE, '2023-10-25 15:30:00'),
(19, 'Kabir', 'Ali', 'Khan', 'kabir.khan19@email.com', '+919876540019', 'hash19', TRUE, '2023-10-25 18:45:00'),
(20, 'Tara', NULL, 'Sutaria', 'tara.sutaria20@email.com', '+919876540020', 'hash20', FALSE, '2023-10-26 08:15:00'),
(21, 'Ishaan', 'Raj', 'Khatter', 'ishaan.k21@email.com', '+919876540021', 'hash21', TRUE, '2023-10-26 10:00:00'),
(22, 'Meera', 'Rajput', 'Chopra', 'meera.chopra22@email.com', '+919876540022', 'hash22', TRUE, '2023-10-26 11:30:00'),
-- અહીથી સિક્વન્સ સુધારી છે
(23, 'Gaurav', 'Kumar', 'Taneja', 'gaurav.taneja23@email.com', '+919876540023', 'hash23', TRUE, '2023-10-26 13:45:00'),
(24, 'Shruti', NULL, 'Hassan', 'shruti.h24@email.com', '+919876540024', 'hash24', TRUE, '2023-10-26 16:20:00'),
(25, 'Ayush', 'Ranjan', 'Das', 'ayush.das25@email.com', '+919876540025', 'hash25', FALSE, '2023-10-27 09:00:00'),
(26, 'Kriti', NULL, 'Sanon', 'kriti.sanon26@email.com', '+919876540026', 'hash26', TRUE, '2023-10-27 12:30:00'),
(27, 'Raj', 'Kumar', 'Rao', 'raj.rao27@email.com', '+919876540027', 'hash27', TRUE, '2023-10-27 15:45:00'),
(28, 'Alia', NULL, 'Bhatt', 'alia.bhatt28@email.com', '+919876540028', 'hash28', TRUE, '2023-10-28 10:10:00'),
(29, 'Ranbir', 'Raj', 'Kapoor', 'ranbir.k29@email.com', '+919876540029', 'hash29', TRUE, '2023-10-28 14:20:00'),
(30, 'Deepika', NULL, 'Padukone', 'deepika.p30@email.com', '+919876540030', 'hash30', TRUE, '2023-10-29 09:05:00'),
(31, 'Yash', 'Vardhan', 'Birla', 'yash.birla31@email.com', '+919876540031', 'hash31', TRUE, '2023-10-29 11:00:00'),
(32, 'Simran', 'Kaur', 'Gill', 'simran.kaur32@email.com', '+919876540032', 'hash32', FALSE, '2023-10-29 12:15:00'),
(33, 'Harsh', 'Vardhan', 'Rane', 'harsh.rane33@email.com', '+919876540033', 'hash33', TRUE, '2023-10-29 13:45:00'),
(34, 'Anushka', NULL, 'Sharma', 'anushka.s34@email.com', '+919876540034', 'hash34', TRUE, '2023-10-30 08:20:00'),
(35, 'Virat', 'Raj', 'Kohli', 'virat.k35@email.com', '+919876540035', 'hash35', TRUE, '2023-10-30 09:30:00'),
(36, 'Manoj', 'Prasad', 'Bajpayee', 'manoj.b36@email.com', '+919876540036', 'hash36', FALSE, '2023-10-30 11:10:00'),
(37, 'Pankaj', 'Tripathi', 'Tiwari', 'pankaj.t37@email.com', '+919876540037', 'hash37', TRUE, '2023-10-30 14:25:00'),
(38, 'Radhika', NULL, 'Apte', 'radhika.a38@email.com', '+919876540038', 'hash38', TRUE, '2023-10-30 16:50:00'),
(39, 'Vicky', 'Kaushal', 'Singh', 'vicky.k39@email.com', '+919876540039', 'hash39', TRUE, '2023-10-31 09:00:00'),
(40, 'Katrina', NULL, 'Kaif', 'katrina.k40@email.com', '+919876540040', 'hash40', FALSE, '2023-10-31 10:15:00'),
(41, 'Tiger', 'Jai', 'Shroff', 'tiger.s41@email.com', '+919876540041', 'hash41', TRUE, '2023-10-31 11:30:00'),
(42, 'Disha', 'Kumari', 'Patani', 'disha.p42@email.com', '+919876540042', 'hash42', TRUE, '2023-10-31 12:45:00'),
(43, 'Kartik', 'Aaryan', 'Tiwari', 'kartik.a43@email.com', '+919876540043', 'hash43', TRUE, '2023-10-31 14:00:00'),
(44, 'Kiara', NULL, 'Advani', 'kiara.a44@email.com', '+919876540044', 'hash44', FALSE, '2023-10-31 15:20:00'),
(45, 'Sidharth', 'Raj', 'Malhotra', 'sid.m45@email.com', '+919876540045', 'hash45', TRUE, '2023-11-01 08:30:00'),
(46, 'Janhvi', NULL, 'Kapoor', 'janhvi.k46@email.com', '+919876540046', 'hash46', TRUE, '2023-11-01 09:45:00'),
(47, 'Ramesh', 'Chandra', 'Babu', 'ramesh.b47@email.com', '+919876540047', 'hash47', TRUE, '2023-11-01 11:10:00'),
(48, 'Sara', 'Ali', 'Khan', 'sara.ak48@email.com', '+919876540048', 'hash48', FALSE, '2023-11-01 13:25:00'),
(49, 'Ananya', 'Kumari', 'Panday', 'ananya.p49@email.com', '+919876540049', 'hash49', TRUE, '2023-11-01 15:40:00'),
(50, 'Vijay', 'Deverakonda', 'Rao', 'vijay.d50@email.com', '+919876540050', 'hash50', TRUE, '2023-11-02 09:00:00'),
(51, 'Naveen', 'Kumar', 'Gowda', 'naveen.g51@email.com', '+919876540051', 'hash51', TRUE, '2023-11-02 10:15:00'),
(52, 'Prabhas', 'Raju', 'Uppalapati', 'prabhas.u52@email.com', '+919876540052', 'hash52', TRUE, '2023-11-02 11:30:00'),
(53, 'Ram', 'Charan', 'Teja', 'ram.c53@email.com', '+919876540053', 'hash53', TRUE, '2023-11-02 12:45:00'),
(54, 'Allu', 'Arjun', 'Rao', 'allu.a54@email.com', '+919876540054', 'hash54', TRUE, '2023-11-02 14:00:00'),
(55, 'Mahesh', 'Babu', 'Ghattamaneni', 'mahesh.b55@email.com', '+919876540055', 'hash55', FALSE, '2023-11-02 15:15:00'),
(56, 'Suriya', 'Narayanan', 'Sivakumar', 'suriya.s56@email.com', '+919876540056', 'hash56', TRUE, '2023-11-02 16:30:00'),
(57, 'Karthi', 'Sivakumar', 'Ranjan', 'karthi.s57@email.com', '+919876540057', 'hash57', TRUE, '2023-11-03 08:00:00'),
(58, 'Dhanush', 'Raja', 'Kasthuri', 'dhanush.r58@email.com', '+919876540058', 'hash58', TRUE, '2023-11-03 09:15:00'),
(59, 'Vikram', 'Kennedy', 'Vinod', 'vikram.k59@email.com', '+919876540059', 'hash59', TRUE, '2023-11-03 10:30:00'),
(60, 'Ajith', 'Kumar', 'Subramaniam', 'ajith.k60@email.com', '+919876540060', 'hash60', FALSE, '2023-11-03 11:45:00'),
(61, 'Mohanlal', 'Kasthuri', 'Raja', 'mohanlal.k61@email.com', '+919876540061', 'hash61', TRUE, '2023-11-03 13:00:00'),
(62, 'Mammootty', 'Ismail', 'Panaparambil', 'mammootty.i62@email.com', '+919876540062', 'hash62', TRUE, '2023-11-03 14:15:00'),
(63, 'Fahadh', 'Faasil', 'Fazil', 'fahadh.f63@email.com', '+919876540063', 'hash63', TRUE, '2023-11-03 15:30:00'),
(64, 'Dulquer', 'Salmaan', 'Fazil', 'dulquer.s64@email.com', '+919876540064', 'hash64', TRUE, '2023-11-03 16:45:00'),
(65, 'Prithviraj', 'Sukumaran', 'Rao', 'prithviraj.s65@email.com', '+919876540065', 'hash65', TRUE, '2023-11-04 08:30:00');

INSERT INTO Driver (Driver_Id, FirstName, MiddleName, LastName, Email, Phone_No, Password_hash, License_No, Avg_Rating, Total_Rides, Is_Verified, Created_At) VALUES
(1, 'Rajesh', 'Kumar', 'Yadav', 'rajesh@driver.com', '+919000000001', 'hd1', 'DL-1420201230001', 4.8, 150, TRUE, '2023-09-01 08:00:00'),
(2, 'Suresh', 'Prasad', 'Pillai', 'suresh@driver.com', '+919000000002', 'hd2', 'KL-0120199870002', 4.5, 85, TRUE, '2023-09-05 10:30:00'),
(3, 'Amit', 'Singh', 'Chauhan', 'amit@driver.com', '+919000000003', 'hd3', 'MH-0420211120003', 4.9, 320, TRUE, '2023-09-10 14:15:00'),
(4, 'Manoj', NULL, 'Tiwari', 'manoj@driver.com', '+919000000004', 'hd4', 'UP-3220185560004', 4.2, 45, TRUE, '2023-09-12 09:45:00'),
(5, 'Ravi', 'Shankar', 'Gowda', 'ravi@driver.com', '+919000000005', 'hd5', 'KA-0520229980005', 0.0, 0, FALSE, '2023-10-25 11:20:00'),
(6, 'Anil', 'Kumar', 'Kapoor', 'anil@driver.com', '+919000000006', 'hd6', 'RJ-1420173340006', 4.6, 210, TRUE, '2023-09-15 16:50:00'),
(7, 'Vijay', 'Kumar', 'Mishra', 'vijay@driver.com', '+919000000007', 'hd7', 'MP-0920207780007', 4.7, 180, TRUE, '2023-09-18 13:10:00'),
(8, 'Sunil', NULL, 'Shetty', 'sunil@driver.com', '+919000000008', 'hd8', 'GJ-0120191120008', 4.4, 95, TRUE, '2023-09-20 08:40:00'),
(9, 'Dinesh', 'Raj', 'Karthik', 'dinesh@driver.com', '+919000000009', 'hd9', 'TN-0220215540009', 4.8, 125, TRUE, '2023-09-22 15:30:00'),
(10, 'Harish', 'Vardhan', 'Babu', 'harish@driver.com', '+919000000010', 'hd10', 'AP-1620186670010', 4.3, 60, TRUE, '2023-09-25 10:05:00'),
(11, 'Mukesh', 'Rao', 'Patil', 'mukesh@driver.com', '+919000000011', 'hd11', 'MH-1220165580011', 4.6, 110, TRUE, '2023-09-26 09:00:00'),
(12, 'Pramod', NULL, 'Dubey', 'pramod@driver.com', '+919000000012', 'hd12', 'UP-1620197740012', 4.1, 35, TRUE, '2023-09-27 11:30:00'),
(13, 'Sanjay', 'Dutt', 'Sharma', 'sanjay@driver.com', '+919000000013', 'hd13', 'DL-0420218850013', 4.9, 450, TRUE, '2023-09-28 14:45:00'),
(14, 'Kamlesh', 'Kumar', 'Jain', 'kamlesh@driver.com', '+919000000014', 'hd14', 'GJ-0520209960014', 4.5, 90, TRUE, '2023-09-29 16:20:00'),
(15, 'Tariq', 'Ali', 'Ansari', 'tariq@driver.com', '+919000000015', 'hd15', 'WB-0220181140015', 4.7, 280, TRUE, '2023-10-01 10:15:00'),
(16, 'Navin', NULL, 'Prabhakar', 'navin@driver.com', '+919000000016', 'hd16', 'KA-0120172250016', 4.4, 75, TRUE, '2023-10-02 12:00:00'),
(17, 'Bipin', 'Singh', 'Rawat', 'bipin@driver.com', '+919000000017', 'hd17', 'UK-0720213360017', 4.8, 160, TRUE, '2023-10-03 09:30:00'),
(18, 'Lalit', 'Kumar', 'Modi', 'lalit@driver.com', '+919000000018', 'hd18', 'RJ-1920194470018', 4.0, 20, TRUE, '2023-10-04 15:45:00'),
(19, 'Ganesh', 'Kumar', 'Iyer', 'ganesh@driver.com', '+919000000019', 'hd19', 'TN-0920205580019', 4.9, 310, TRUE, '2023-10-05 11:10:00'),
(20, 'Mohan', NULL, 'Bhargava', 'mohan@driver.com', '+919000000020', 'hd20', 'UP-7820186690020', 0.0, 0, FALSE, '2023-10-06 14:25:00'),
(21, 'Prakash', 'Raj', 'Sinha', 'prakash@driver.com', '+919000000021', 'hd21', 'BR-0120227700021', 4.2, 50, TRUE, '2023-10-07 08:00:00'),
(22, 'Chetan', 'Prasad', 'Bhagat', 'chetan@driver.com', '+919000000022', 'hd22', 'MH-4320198810022', 4.6, 195, TRUE, '2023-10-08 10:50:00'),
(23, 'Ashok', 'Kumar', 'Das', 'ashok@driver.com', '+919000000023', 'hd23', 'OR-0220209920023', 4.3, 65, TRUE, '2023-10-09 13:15:00'),
(24, 'Nitin', NULL, 'Gadkari', 'nitin@driver.com', '+919000000024', 'hd24', 'MH-3120170030024', 4.7, 255, TRUE, '2023-10-10 16:40:00'),
(25, 'Subhash', 'Chandra', 'Bose', 'subhash@driver.com', '+919000000025', 'hd25', 'WB-0120211140025', 5.0, 400, TRUE, '2023-10-11 09:20:00'),
(26, 'Ajay', 'Devgn', 'Rao', 'ajay@driver.com', '+919000000026', 'hd26', 'DL-0220192230026', 4.8, 145, TRUE, '2023-10-12 08:15:00'),
(27, 'Salman', NULL, 'Khan', 'salman@driver.com', '+919000000027', 'hd27', 'MH-0120203340027', 4.4, 88, TRUE, '2023-10-13 10:30:00'),
(28, 'Shahrukh', 'Ali', 'Khan', 'shahrukh@driver.com', '+919000000028', 'hd28', 'UP-1420184450028', 4.9, 390, TRUE, '2023-10-14 12:45:00'),
(29, 'Aamir', NULL, 'Khan', 'aamir@driver.com', '+919000000029', 'hd29', 'GJ-0220175560029', 4.7, 210, TRUE, '2023-10-15 15:00:00'),
(30, 'Hrithik', 'Roshan', 'Nath', 'hrithik@driver.com', '+919000000030', 'hd30', 'KA-0320216670030', 4.5, 115, TRUE, '2023-10-16 17:15:00'),
(31, 'Akshay', 'Kumar', 'Bhatia', 'akshay@driver.com', '+919000000031', 'hd31', 'RJ-0120227780031', 4.6, 175, TRUE, '2023-10-17 09:30:00'),
(32, 'Saif', 'Ali', 'Khan', 'saif@driver.com', '+919000000032', 'hd32', 'MP-0420198890032', 4.2, 55, TRUE, '2023-10-18 11:45:00'),
(33, 'John', NULL, 'Abraham', 'john@driver.com', '+919000000033', 'hd33', 'KL-0720209900033', 4.8, 230, TRUE, '2023-10-19 14:00:00'),
(34, 'Abhishek', 'Bachchan', 'Rao', 'abhishek@driver.com', '+919000000034', 'hd34', 'TN-0120181110034', 4.3, 70, TRUE, '2023-10-20 16:15:00'),
(35, 'Farhan', 'Akhtar', 'Sayed', 'farhan@driver.com', '+919000000035', 'hd35', 'AP-0920212220035', 4.9, 340, TRUE, '2023-10-21 08:30:00'),
(36, 'Arjun', 'Rampal', 'Singh', 'arjun@driver.com', '+919000000036', 'hd36', 'WB-0420173330036', 0.0, 0, FALSE, '2023-11-01 10:45:00'),
(37, 'Sonu', NULL, 'Sood', 'sonu@driver.com', '+919000000037', 'hd37', 'PB-0820194440037', 4.7, 190, TRUE, '2023-10-23 13:00:00'),
(38, 'Ritesh', 'Deshmukh', 'Patil', 'ritesh@driver.com', '+919000000038', 'hd38', 'MH-1420205550038', 4.4, 85, TRUE, '2023-10-24 15:15:00'),
(39, 'Tusshar', NULL, 'Kapoor', 'tusshar@driver.com', '+919000000039', 'hd39', 'DL-0920226660039', 4.6, 130, TRUE, '2023-10-25 17:30:00'),
(40, 'Bobby', 'Deol', 'Singh', 'bobby@driver.com', '+919000000040', 'hd40', 'PB-1120187770040', 4.1, 40, TRUE, '2023-10-26 09:45:00'),
(41, 'Sunny', NULL, 'Deol', 'sunny@driver.com', '+919000000041', 'hd41', 'HR-2620178880041', 4.8, 260, TRUE, '2023-10-27 12:00:00'),
(42, 'Govinda', 'Ahuja', 'Rao', 'govinda@driver.com', '+919000000042', 'hd42', 'MH-0220199990042', 4.5, 105, TRUE, '2023-10-28 14:15:00'),
(43, 'Sanjay', 'Kumar', 'Kapoor', 'sanjayk@driver.com', '+919000000043', 'hd43', 'UP-1620210000043', 4.9, 315, TRUE, '2023-10-29 16:30:00'),
(44, 'Chunky', 'Panday', 'Sharma', 'chunky@driver.com', '+919000000044', 'hd44', 'DL-0120181120044', 4.2, 50, TRUE, '2023-10-30 08:45:00'),
(45, 'Jackie', NULL, 'Shroff', 'jackie@driver.com', '+919000000045', 'hd45', 'MH-4620202230045', 4.7, 165, TRUE, '2023-10-31 11:00:00'),
(46, 'Anil', 'Kumar', 'Sharma', 'anilk@driver.com', '+919000000046', 'hd46', 'RJ-1420193340046', 0.0, 0, FALSE, '2023-11-02 13:15:00'),
(47, 'Sunil', 'Gavaskar', 'Rao', 'sunilg@driver.com', '+919000000047', 'hd47', 'KA-0520174450047', 4.8, 225, TRUE, '2023-11-02 15:30:00'),
(48, 'Kapil', NULL, 'Dev', 'kapil@driver.com', '+919000000048', 'hd48', 'PB-1020225560048', 4.4, 90, TRUE, '2023-11-03 09:45:00'),
(49, 'Sachin', 'Ramesh', 'Tendulkar', 'sachin@driver.com', '+919000000049', 'hd49', 'MH-0120186670049', 5.0, 500, TRUE, '2023-11-03 12:00:00'),
(50, 'Rahul', 'Sharad', 'Dravid', 'rahul@driver.com', '+919000000050', 'hd50', 'KA-0120197780050', 4.9, 410, TRUE, '2023-11-04 14:15:00');

INSERT INTO FARE_RULES (Fare_Id, Vehicle_Category, Base_Fare, Per_Km_Rate, Per_Min_Rate, Min_Fare) VALUES
(1, 'Mini', 50.00, 10.00, 1.50, 70.00),
(2, 'Sedan', 70.00, 12.00, 2.00, 100.00),
(3, 'SUV', 100.00, 16.00, 2.50, 150.00),
(4, 'Premium', 150.00, 25.00, 4.00, 250.00),
(5, 'Auto', 30.00, 8.00, 1.00, 40.00),
(6, 'Bike', 20.00, 5.00, 0.50, 30.00);

INSERT INTO SURGE_PRICING (Surge_Id, Zone_Name, Lat_Min, Lat_Max, Lng_Min, Lng_Max, Day_Of_Week, Start_Time, End_Time, Multiplier, Is_Active) VALUES
(1, 'Downtown_Rush_AM', 12.900000, 12.980000, 77.550000, 77.650000, 'Monday', '08:00:00', '11:00:00', 1.50, TRUE),
(2, 'Downtown_Rush_PM', 12.900000, 12.980000, 77.550000, 77.650000, 'Friday', '17:00:00', '21:00:00', 1.80, TRUE),
(3, 'Airport_Weekend', 13.180000, 13.220000, 77.680000, 77.730000, 'Sunday', '18:00:00', '23:59:00', 1.30, TRUE),
(4, 'TechPark_Evening', 12.830000, 12.870000, 77.640000, 77.690000, 'Wednesday', '17:30:00', '20:30:00', 1.40, TRUE),
(5, 'Mall_Weekend', 12.920000, 12.940000, 77.600000, 77.630000, 'Saturday', '14:00:00', '22:00:00', 1.25, TRUE),
(6, 'Station_Morning', 12.970000, 12.990000, 77.560000, 77.580000, 'Tuesday', '06:00:00', '09:00:00', 1.35, TRUE),
(7, 'TechPark_Morning', 12.830000, 12.870000, 77.640000, 77.690000, 'Thursday', '08:30:00', '11:30:00', 1.60, TRUE),
(8, 'Late_Night_Party', 12.960000, 12.980000, 77.630000, 77.650000, 'Saturday', '23:00:00', '02:00:00', 2.00, TRUE);

INSERT INTO Offers (offer_id, Promo_Code, Discount_Pct, Flat_Discount, Max_Discount, Min_Ride_Value, Valid_From, Valid_Until, Usage_Limit, Total_Used, Is_Active) VALUES
(1, 'WELCOME50', 50.00, NULL, 100.00, 150.00, '2023-01-01 00:00:00', '2024-12-31 23:59:59', 10000, 4520, TRUE),
(2, 'FLAT200', NULL, 200.00, 200.00, 500.00, '2023-10-01 00:00:00', '2023-11-30 23:59:59', 5000, 1250, TRUE),
(3, 'WEEKEND20', 20.00, NULL, 75.00, 200.00, '2023-10-01 00:00:00', '2023-12-31 23:59:59', 8000, 3100, TRUE),
(4, 'AIRPORT10', 10.00, NULL, 150.00, 800.00, '2023-06-01 00:00:00', '2024-06-30 23:59:59', 2000, 890, TRUE),
(5, 'FESTIVAL30', 30.00, NULL, 120.00, 300.00, '2023-10-15 00:00:00', '2023-10-31 23:59:59', 3000, 2900, FALSE),
(6, 'RIDEAUTO5', 5.00, NULL, 20.00, 50.00, '2023-09-01 00:00:00', '2024-09-01 23:59:59', 15000, 12000, TRUE),
(7, 'NIGHTOWL', NULL, 50.00, 50.00, 250.00, '2023-08-01 00:00:00', '2023-12-31 23:59:59', 5000, 4100, TRUE),
(8, 'VIPSEDAN', 15.00, NULL, 100.00, 400.00, '2023-10-01 00:00:00', '2024-01-31 23:59:59', 1000, 450, TRUE),
(9, 'BIKE15', 15.00, NULL, 30.00, 60.00, '2023-11-01 00:00:00', '2024-05-31 23:59:59', 20000, 1500, TRUE),
(10, 'LUXURYFLAT', NULL, 500.00, 500.00, 1500.00, '2023-11-01 00:00:00', '2024-11-01 23:59:59', 500, 120, TRUE);

INSERT INTO VEHICLE (Vehicle_Id, Driver_Id, Model, Year, Plate_No, Category, Is_Active, Is_Verified, insurance_policy_no, insurance_expiry_date) VALUES
(1, 1, 'Maruti Swift', 2019, 'DL-01-AB-1234', 'Mini', TRUE, TRUE, 'POL-1001', '2024-08-15'),
(2, 2, 'Hyundai Xcent', 2020, 'KL-07-CD-5678', 'Sedan', TRUE, TRUE, 'POL-1002', '2024-09-20'),
(3, 3, 'Toyota Innova', 2021, 'MH-12-EF-9012', 'SUV', TRUE, TRUE, 'POL-1003', '2024-10-05'),
(4, 4, 'Tata Indica', 2018, 'UP-32-GH-3456', 'Mini', TRUE, TRUE, 'POL-1004', '2024-05-10'),
(5, 5, 'Honda City', 2022, 'KA-05-IJ-7890', 'Premium', FALSE, FALSE, 'POL-1005', '2024-11-25'),
(6, 6, 'Maruti Dzire', 2020, 'RJ-14-KL-1122', 'Sedan', TRUE, TRUE, 'POL-1006', '2024-12-01'),
(7, 7, 'Mahindra Scorpio', 2019, 'MP-09-MN-3344', 'SUV', TRUE, TRUE, 'POL-1007', '2024-07-18'),
(8, 8, 'Hyundai i10', 2021, 'GJ-01-OP-5566', 'Mini', TRUE, TRUE, 'POL-1008', '2024-06-22'),
(9, 9, 'Toyota Corolla', 2020, 'TN-02-QR-7788', 'Premium', TRUE, TRUE, 'POL-1009', '2024-04-30'),
(10, 10, 'Tata Tigor', 2019, 'AP-16-ST-9900', 'Sedan', TRUE, TRUE, 'POL-1010', '2024-03-15'),
(11, 11, 'Bajaj RE', 2021, 'MH-12-XX-1111', 'Auto', TRUE, TRUE, 'POL-1011', '2024-05-20'),
(12, 12, 'TVS King', 2018, 'UP-16-YY-2222', 'Auto', TRUE, TRUE, 'POL-1012', '2024-06-15'),
(13, 13, 'Honda Amaze', 2022, 'DL-04-ZZ-3333', 'Sedan', TRUE, TRUE, 'POL-1013', '2025-01-10'),
(14, 14, 'Maruti WagonR', 2017, 'GJ-05-AA-4444', 'Mini', TRUE, TRUE, 'POL-1014', '2024-02-28'),
(15, 15, 'Kia Seltos', 2023, 'WB-02-BB-5555', 'SUV', TRUE, TRUE, 'POL-1015', '2025-08-11'),
(16, 16, 'Hyundai Creta', 2020, 'KA-01-CC-6666', 'SUV', TRUE, TRUE, 'POL-1016', '2024-10-10'),
(17, 17, 'Maruti Ciaz', 2019, 'UK-07-DD-7777', 'Sedan', TRUE, TRUE, 'POL-1017', '2024-09-05'),
(18, 18, 'Tata Tiago', 2018, 'RJ-19-EE-8888', 'Mini', TRUE, TRUE, 'POL-1018', '2024-04-12'),
(19, 19, 'Toyota Fortuner', 2022, 'TN-09-FF-9999', 'Premium', TRUE, TRUE, 'POL-1019', '2025-03-25'),
(20, 20, 'Mahindra Bolero', 2016, 'UP-78-GG-0000', 'SUV', FALSE, FALSE, 'POL-1020', '2024-01-15'),
(21, 21, 'Hero Splendor', 2020, 'WB-04-WW-1212', 'Bike', TRUE, TRUE, 'POL-1021', '2024-03-09'),
(22, 22, 'Bajaj Pulsar', 2021, 'PB-08-XX-2323', 'Bike', TRUE, TRUE, 'POL-1022', '2024-02-18'),
(23, 23, 'TVS Apache', 2019, 'MH-14-YY-3434', 'Bike', TRUE, TRUE, 'POL-1023', '2024-01-25'),
(24, 24, 'Honda Shine', 2022, 'DL-09-ZZ-4545', 'Bike', TRUE, TRUE, 'POL-1024', '2025-12-05'),
(25, 25, 'Yamaha FZ', 2020, 'PB-11-AA-5656', 'Bike', TRUE, TRUE, 'POL-1025', '2024-11-14'),
(26, 26, 'Piaggio Ape', 2019, 'HR-26-BB-6767', 'Auto', TRUE, TRUE, 'POL-1026', '2024-10-22'),
(27, 27, 'Mahindra Treo', 2022, 'MH-02-CC-7878', 'Auto', TRUE, TRUE, 'POL-1027', '2025-09-17'),
(28, 28, 'Skoda Kushaq', 2023, 'UP-16-DD-8989', 'SUV', TRUE, TRUE, 'POL-1028', '2025-08-25'),
(29, 29, 'VW Taigun', 2022, 'DL-01-EE-9090', 'SUV', TRUE, TRUE, 'POL-1029', '2025-07-11'),
(30, 30, 'Honda WR-V', 2020, 'MH-46-FF-0101', 'Mini', TRUE, TRUE, 'POL-1030', '2024-06-20'),
(31, 31, 'Maruti S-Presso', 2021, 'RJ-14-GG-1212', 'Mini', FALSE, FALSE, 'POL-1031', '2024-05-29'),
(32, 32, 'Tata Altroz', 2022, 'KA-05-HH-2323', 'Mini', TRUE, TRUE, 'POL-1032', '2025-04-18'),
(33, 33, 'Hyundai i20 N', 2023, 'PB-10-II-3434', 'Mini', TRUE, TRUE, 'POL-1033', '2025-03-27'),
(34, 34, 'Jaguar XE', 2021, 'MH-01-JJ-4545', 'Premium', TRUE, TRUE, 'POL-1034', '2024-02-15'),
(35, 35, 'Volvo S60', 2022, 'KA-01-KK-5656', 'Premium', TRUE, TRUE, 'POL-1035', '2025-01-10'),
(36, 36, 'Maruti Eeco', 2019, 'RJ-01-RR-6060', 'Mini', FALSE, FALSE, 'POL-1036', '2024-08-22'),
(37, 37, 'Tata Punch', 2023, 'MP-04-SS-7070', 'SUV', TRUE, TRUE, 'POL-1037', '2025-07-28'),
(38, 38, 'Renault Kiger', 2022, 'KL-07-TT-8080', 'SUV', TRUE, TRUE, 'POL-1038', '2025-06-30'),
(39, 39, 'Nissan Magnite', 2021, 'TN-01-UU-9090', 'SUV', TRUE, TRUE, 'POL-1039', '2024-05-14'),
(40, 40, 'Mahindra XUV700', 2023, 'AP-09-VV-0101', 'Premium', TRUE, TRUE, 'POL-1040', '2025-04-12'),
(41, 41, 'Hyundai Verna', 2020, 'DL-02-MM-1010', 'Sedan', TRUE, TRUE, 'POL-1041', '2024-05-18'),
(42, 42, 'Maruti Baleno', 2021, 'MH-01-NN-2020', 'Mini', TRUE, TRUE, 'POL-1042', '2024-06-25'),
(43, 43, 'BMW 5 Series', 2023, 'UP-14-OO-3030', 'Premium', TRUE, TRUE, 'POL-1043', '2025-11-11'),
(44, 44, 'Audi A6', 2022, 'GJ-02-PP-4040', 'Premium', TRUE, TRUE, 'POL-1044', '2025-10-15'),
(45, 45, 'Mercedes C-Class', 2021, 'KA-03-QQ-5050', 'Premium', TRUE, TRUE, 'POL-1045', '2024-09-19'),
(46, 46, 'Tata Harrier', 2021, 'MH-12-RR-8080', 'SUV', FALSE, FALSE, 'POL-1046', '2024-07-20'),
(47, 47, 'Kia Sonet', 2022, 'DL-05-SS-9090', 'SUV', TRUE, TRUE, 'POL-1047', '2025-06-15'),
(48, 48, 'Honda Amaze', 2019, 'UP-16-TT-0101', 'Sedan', TRUE, TRUE, 'POL-1048', '2024-08-10'),
(49, 49, 'Skoda Slavia', 2023, 'KA-01-UU-1212', 'Sedan', TRUE, TRUE, 'POL-1049', '2025-09-05'),
(50, 50, 'Toyota Glanza', 2021, 'MH-04-VV-2323', 'Mini', TRUE, TRUE, 'POL-1050', '2024-10-25');

INSERT INTO WALLET (Wallet_Id, Driver_Id, Balance) VALUES
(1, 1, 1250.50), (2, 2, 840.00), (3, 3, 3450.75), (4, 4, 120.00), (5, 5, 0.00),
(6, 6, 2100.25), (7, 7, 1850.00), (8, 8, 450.50), (9, 9, 2900.00), (10, 10, 670.00),
(11, 11, 890.00), (12, 12, 340.50), (13, 13, 5400.00), (14, 14, 1120.75), (15, 15, 3200.00),
(16, 16, 750.25), (17, 17, 1650.50), (18, 18, 150.00), (19, 19, 4100.00), (20, 20, 0.00),
(21, 21, 420.00), (22, 22, 1340.50), (23, 23, 6700.00), (24, 24, 2220.75), (25, 25, 4100.00),
(26, 26, 850.25), (27, 27, 1750.50), (28, 28, 250.00), (29, 29, 5200.00), (30, 30, 2950.00),
(31, 31, 0.00), (32, 32, 3150.25), (33, 33, 780.00), (34, 34, 4800.50), (35, 35, 6100.75),
(36, 36, 520.00), (37, 37, 1440.50), (38, 38, 7700.00), (39, 39, 2320.75), (40, 40, 5100.00),
(41, 41, 0.00), (42, 42, 1850.50), (43, 43, 350.00), (44, 44, 8200.00), (45, 45, 3950.00),
(46, 46, 210.00), (47, 47, 430.50), (48, 48, 1150.00), (49, 49, 2700.25), (50, 50, 1650.00);

INSERT INTO Driver_Session (Session_Id, Driver_Id, Status, Last_Known_Lat, Last_Known_Lng) VALUES
(1, 1, 'ONLINE', 12.971598, 77.594562), (2, 2, 'ON_RIDE', 12.935192, 77.624480),
(3, 3, 'ONLINE', 12.912118, 77.644554), (4, 4, 'OFFLINE', 12.956924, 77.585521),
(5, 5, 'OFFLINE', NULL, NULL), (6, 6, 'ONLINE', 13.010234, 77.551234),
(7, 7, 'ON_RIDE', 12.845678, 77.678901), (8, 8, 'ONLINE', 12.990123, 77.590123),
(9, 9, 'OFFLINE', 13.050456, 77.610456), (10, 10, 'ONLINE', 12.940789, 77.560789),
(11, 11, 'ONLINE', 12.920000, 77.550000), (12, 12, 'OFFLINE', 12.910000, 77.540000),
(13, 13, 'ON_RIDE', 12.980000, 77.680000), (14, 14, 'ONLINE', 12.890000, 77.630000),
(15, 15, 'ONLINE', 12.950000, 77.520000), (16, 16, 'ON_RIDE', 12.860000, 77.660000),
(17, 17, 'ONLINE', 13.020000, 77.580000), (18, 18, 'OFFLINE', 12.930000, 77.530000),
(19, 19, 'ONLINE', 12.960000, 77.600000), (20, 20, 'OFFLINE', NULL, NULL),
(21, 21, 'ONLINE', 12.981000, 77.592000), (22, 22, 'ON_RIDE', 12.945000, 77.634000),
(23, 23, 'ONLINE', 12.922000, 77.654000), (24, 24, 'OFFLINE', 12.966000, 77.595000),
(25, 25, 'ONLINE', 13.020000, 77.561000), (26, 26, 'ON_RIDE', 12.855000, 77.688000),
(27, 27, 'ONLINE', 13.000000, 77.600000), (28, 28, 'OFFLINE', 13.060000, 77.620000),
(29, 29, 'ONLINE', 12.950000, 77.570000), (30, 30, 'ONLINE', 12.930000, 77.560000),
(31, 31, 'OFFLINE', NULL, NULL), (32, 32, 'ON_RIDE', 12.990000, 77.690000),
(33, 33, 'ONLINE', 12.900000, 77.640000), (34, 34, 'ONLINE', 12.960000, 77.530000),
(35, 35, 'ON_RIDE', 12.870000, 77.670000), (36, 36, 'ONLINE', 13.030000, 77.590000),
(37, 37, 'OFFLINE', 12.940000, 77.540000), (38, 38, 'ONLINE', 12.970000, 77.610000),
(39, 39, 'ON_RIDE', 12.850000, 77.660000), (40, 40, 'ONLINE', 12.980000, 77.620000),
(41, 41, 'OFFLINE', NULL, NULL), (42, 42, 'ONLINE', 13.000000, 77.650000),
(43, 43, 'OFFLINE', 13.050000, 77.600000), (44, 44, 'ON_RIDE', 12.920000, 77.680000),
(45, 45, 'ONLINE', 12.990000, 77.600000), (46, 46, 'ONLINE', 12.915000, 77.585000),
(47, 47, 'ON_RIDE', 12.935000, 77.645000), (48, 48, 'OFFLINE', 12.965000, 77.555000),
(49, 49, 'ONLINE', 12.985000, 77.575000), (50, 50, 'ON_RIDE', 12.905000, 77.665000);

INSERT INTO Ride (Ride_Id, Rider_Id, Driver_Id, Vehicle_Id, Fare_Id, Surge_Id, offer_id, Status, Requested_At, Completed_At, Cancelled_At, Cancel_Reason, Final_Fare, Driver_Earning, Distance_Km, Duration_Min, Pickup_Address, Pickup_Lat, Pickup_Lng, Dropoff_Address, Dropoff_Lat, Dropoff_Lng, Rated_By_Rider, Rated_By_Driver) VALUES
(1, 1, 1, 1, 1, NULL, 1, 'completed', '2023-10-26 08:00:00', '2023-10-26 08:35:00', NULL, NULL, 180.00, 144.00, 8.5, 30, 'MG Road', 12.971598, 77.594562, 'Indiranagar', 12.978369, 77.640835, TRUE, TRUE),
(2, 2, 2, 2, 2, 1, NULL, 'completed', '2023-10-26 09:15:00', '2023-10-26 09:55:00', NULL, NULL, 350.00, 280.00, 12.2, 40, 'Koramangala', 12.935192, 77.624480, 'Whitefield', 12.969819, 77.749972, TRUE, FALSE),
(3, 3, 3, 3, 3, NULL, 3, 'completed', '2023-10-26 10:30:00', '2023-10-26 11:20:00', NULL, NULL, 420.00, 336.00, 15.8, 50, 'HSR Layout', 12.912118, 77.644554, 'Airport', 13.198908, 77.706813, FALSE, TRUE),
(4, 4, 4, 4, 1, NULL, NULL, 'cancelled', '2023-10-26 11:00:00', NULL, '2023-10-26 11:05:00', 'Driver took too long', NULL, NULL, NULL, NULL, 'Jayanagar', 12.929868, 77.580164, 'Malleshwaram', 13.003188, 77.564322, FALSE, FALSE),
(5, 5, 6, 6, 2, NULL, NULL, 'completed', '2023-10-26 12:45:00', '2023-10-26 13:10:00', NULL, NULL, 210.00, 168.00, 9.1, 25, 'BTM Layout', 12.916575, 77.610116, 'Electronic City', 12.845214, 77.660169, TRUE, TRUE),
(6, 6, 7, 7, 3, 2, NULL, 'ongoing', '2023-10-26 18:30:00', NULL, NULL, NULL, NULL, NULL, NULL, NULL, 'Marathahalli', 12.956924, 77.701127, 'Bellandur', 12.925453, 77.675841, FALSE, FALSE),
(7, 7, NULL, NULL, 1, NULL, NULL, 'requested', '2023-10-26 19:00:00', NULL, NULL, NULL, NULL, NULL, NULL, NULL, 'Hebbal', 13.035368, 77.598789, 'Yelahanka', 13.100698, 77.596345, FALSE, FALSE),
(8, 8, 8, 8, 1, NULL, 2, 'completed', '2023-10-26 14:20:00', '2023-10-26 14:50:00', NULL, NULL, 150.00, 120.00, 6.5, 25, 'Domlur', 12.960986, 77.638732, 'Shivajinagar', 12.985650, 77.605693, TRUE, TRUE),
(9, 9, 9, 9, 4, NULL, NULL, 'completed', '2023-10-26 15:30:00', '2023-10-26 16:15:00', NULL, NULL, 650.00, 520.00, 18.4, 45, 'Banashankari', 12.917540, 77.556272, 'KR Puram', 13.001944, 77.683333, TRUE, FALSE),
(10, 10, 10, 10, 2, 2, NULL, 'cancelled', '2023-10-26 17:15:00', NULL, '2023-10-26 17:18:00', 'Changed my mind', NULL, NULL, NULL, NULL, 'Ulsoor', 12.981881, 77.625895, 'Basavanagudi', 12.942188, 77.574635, FALSE, FALSE),
(11, 11, 11, 11, 5, NULL, NULL, 'completed', '2023-10-27 08:15:00', '2023-10-27 08:40:00', NULL, NULL, 80.00, 64.00, 5.0, 20, 'Majestic', 12.9766, 77.5713, 'Rajajinagar', 12.9850, 77.5540, TRUE, TRUE),
(12, 12, 13, 13, 2, 1, 1, 'completed', '2023-10-27 09:00:00', '2023-10-27 10:00:00', NULL, NULL, 450.00, 360.00, 14.0, 55, 'Yeshwanthpur', 13.0239, 77.5522, 'ITPL', 12.9855, 77.7360, TRUE, TRUE),
(13, 13, 14, 14, 1, NULL, NULL, 'completed', '2023-10-27 10:30:00', '2023-10-27 11:00:00', NULL, NULL, 120.00, 96.00, 6.0, 25, 'Malleswaram', 13.0031, 77.5643, 'Vijayanagar', 12.9719, 77.5284, FALSE, TRUE),
(14, 14, 15, 15, 3, NULL, NULL, 'completed', '2023-10-27 11:45:00', '2023-10-27 12:30:00', NULL, NULL, 310.00, 248.00, 11.5, 40, 'Kalyan Nagar', 13.0255, 77.6441, 'Indiranagar', 12.9783, 77.6408, TRUE, FALSE),
(15, 15, 16, 16, 3, 2, 3, 'ongoing', '2023-10-27 18:00:00', NULL, NULL, NULL, NULL, NULL, NULL, NULL, 'Bellandur', 12.9254, 77.6758, 'BTM Layout', 12.9165, 77.6101, FALSE, FALSE),
(16, 16, 17, 17, 2, NULL, NULL, 'completed', '2023-10-27 14:00:00', '2023-10-27 14:40:00', NULL, NULL, 250.00, 200.00, 10.0, 35, 'Sarjapur Road', 12.9244, 77.6366, 'Koramangala', 12.9351, 77.6244, TRUE, TRUE),
(17, 17, NULL, NULL, 4, NULL, NULL, 'requested', '2023-10-27 19:30:00', NULL, NULL, NULL, NULL, NULL, NULL, NULL, 'Richmond Town', 12.9620, 77.6046, 'Airport', 13.1989, 77.7068, FALSE, FALSE),
(18, 18, 19, 19, 4, NULL, 2, 'completed', '2023-10-27 15:00:00', '2023-10-27 16:00:00', NULL, NULL, 780.00, 624.00, 22.0, 55, 'Jayanagar', 12.9298, 77.5801, 'Airport', 13.1989, 77.7068, TRUE, TRUE),
(19, 19, 20, 20, 6, NULL, NULL, 'cancelled', '2023-10-27 16:30:00', NULL, '2023-10-27 16:35:00', 'Bike issue', NULL, NULL, NULL, NULL, 'Frazer Town', 12.9972, 77.6143, 'HSR Layout', 12.9121, 77.6445, FALSE, FALSE),
(20, 20, 21, 21, 6, NULL, NULL, 'completed', '2023-10-28 08:00:00', '2023-10-28 08:15:00', NULL, NULL, 45.00, 36.00, 3.5, 12, 'Banashankari', 12.9175, 77.5562, 'JP Nagar', 12.9063, 77.5856, TRUE, TRUE),
(21, 21, 22, 22, 6, NULL, NULL, 'completed', '2023-10-28 09:00:00', '2023-10-28 09:20:00', NULL, NULL, 60.00, 48.00, 4.8, 18, 'Basavanagudi', 12.9421, 77.5746, 'Jayanagar', 12.9298, 77.5801, TRUE, FALSE),
(22, 22, 23, 23, 6, NULL, NULL, 'completed', '2023-10-28 10:30:00', '2023-10-28 11:15:00', NULL, NULL, 450.00, 360.00, 12.5, 42, 'Ulsoor', 12.9818, 77.6258, 'Domlur', 12.9609, 77.6387, TRUE, TRUE),
(23, 23, 5, 5, 4, NULL, NULL, 'cancelled', '2023-10-28 12:00:00', NULL, '2023-10-28 12:02:00', 'Wrong car', NULL, NULL, NULL, NULL, 'Electronic City', 12.8452, 77.6601, 'Koramangala', 12.9351, 77.6244, FALSE, FALSE),
(24, 24, 11, 11, 5, NULL, 6, 'completed', '2023-10-28 13:00:00', '2023-10-28 13:30:00', NULL, NULL, 95.00, 76.00, 6.2, 28, 'MG Road', 12.9715, 77.5945, 'Shivajinagar', 12.9856, 77.6056, FALSE, TRUE),
(25, 25, 12, 12, 5, NULL, NULL, 'completed', '2023-10-28 14:30:00', '2023-10-28 15:10:00', NULL, NULL, 180.00, 144.00, 8.0, 35, 'Indiranagar', 12.9783, 77.6408, 'Marathahalli', 12.9569, 77.7011, TRUE, TRUE),
(26, 26, 13, 13, 2, NULL, NULL, 'completed', '2023-10-28 16:00:00', '2023-10-28 16:45:00', NULL, NULL, 280.00, 224.00, 10.5, 40, 'Whitefield', 12.9698, 77.7499, 'Bellandur', 12.9254, 77.6758, TRUE, TRUE),
(27, 27, 14, 14, 1, 1, 2, 'completed', '2023-10-28 17:30:00', '2023-10-28 18:30:00', NULL, NULL, 480.00, 384.00, 14.5, 55, 'Airport', 13.1989, 77.7068, 'HSR Layout', 12.9121, 77.6445, TRUE, FALSE),
(28, 28, 6, 6, 2, NULL, NULL, 'cancelled', '2023-10-28 18:00:00', NULL, '2023-10-28 18:10:00', 'Vehicle broke down', NULL, NULL, NULL, NULL, 'Hebbal', 13.0353, 77.5987, 'Malleswaram', 13.0031, 77.5643, FALSE, FALSE),
(29, 29, 7, 7, 3, NULL, NULL, 'completed', '2023-10-28 19:15:00', '2023-10-28 20:00:00', NULL, NULL, 320.00, 256.00, 11.0, 42, 'Yelahanka', 13.1006, 77.5963, 'Manyata', 13.0450, 77.6200, TRUE, TRUE),
(30, 30, 8, 8, 1, NULL, 2, 'completed', '2023-10-28 23:30:00', '2023-10-29 00:15:00', NULL, NULL, 350.00, 280.00, 9.5, 40, 'Koramangala', 12.9351, 77.6244, 'Indiranagar', 12.9783, 77.6408, TRUE, TRUE),
(31, 31, 26, 26, 5, NULL, NULL, 'completed', '2023-10-29 08:00:00', '2023-10-29 08:25:00', NULL, NULL, 110.00, 88.00, 7.5, 25, 'JP Nagar', 12.9063, 77.5856, 'BTM Layout', 12.9165, 77.6101, TRUE, TRUE),
(32, 32, 27, 27, 5, NULL, NULL, 'completed', '2023-10-29 09:10:00', '2023-10-29 09:40:00', NULL, NULL, 130.00, 104.00, 8.2, 30, 'Koramangala', 12.9351, 77.6244, 'Indiranagar', 12.9783, 77.6408, TRUE, FALSE),
(33, 33, 28, 28, 3, NULL, NULL, 'cancelled', '2023-10-29 10:15:00', NULL, '2023-10-29 10:20:00', 'Driver denied duty', NULL, NULL, NULL, NULL, 'MG Road', 12.9715, 77.5945, 'Airport', 13.1989, 77.7068, FALSE, FALSE),
(34, 34, 29, 29, 3, NULL, NULL, 'completed', '2023-10-29 11:30:00', '2023-10-29 12:15:00', NULL, NULL, 450.00, 360.00, 15.0, 45, 'Whitefield', 12.9698, 77.7499, 'Marathahalli', 12.9569, 77.7011, TRUE, TRUE),
(35, 35, 30, 30, 1, NULL, NULL, 'completed', '2023-10-29 13:00:00', '2023-10-29 13:45:00', NULL, NULL, 220.00, 176.00, 9.8, 45, 'HSR Layout', 12.9121, 77.6445, 'Bellandur', 12.9254, 77.6758, TRUE, TRUE),
(36, 36, 31, 31, 1, NULL, NULL, 'completed', '2023-10-29 14:15:00', '2023-10-29 14:50:00', NULL, NULL, 180.00, 144.00, 8.0, 35, 'Hebbal', 13.0353, 77.5987, 'Malleswaram', 13.0031, 77.5643, FALSE, TRUE),
(37, 37, 32, 32, 1, NULL, NULL, 'completed', '2023-10-29 15:30:00', '2023-10-29 16:10:00', NULL, NULL, 250.00, 200.00, 11.2, 40, 'Yelahanka', 13.1006, 77.5963, 'Manyata Tech Park', 13.0450, 77.6200, TRUE, FALSE),
(38, 38, 33, 33, 1, NULL, NULL, 'cancelled', '2023-10-29 16:45:00', NULL, '2023-10-29 16:48:00', 'Wrong address', NULL, NULL, NULL, NULL, 'Domlur', 12.9609, 77.6387, 'Shivajinagar', 12.9856, 77.6056, FALSE, FALSE),
(39, 39, 34, 34, 4, NULL, NULL, 'completed', '2023-10-29 17:30:00', '2023-10-29 18:20:00', NULL, NULL, 650.00, 520.00, 18.5, 50, 'Banashankari', 12.9175, 77.5562, 'KR Puram', 13.0019, 77.6833, TRUE, TRUE),
(40, 40, 35, 35, 4, NULL, NULL, 'completed', '2023-10-29 19:00:00', '2023-10-29 19:40:00', NULL, NULL, 480.00, 384.00, 13.5, 40, 'Ulsoor', 12.9818, 77.6258, 'Basavanagudi', 12.9421, 77.5746, TRUE, TRUE),
(41, 41, 36, 36, 1, NULL, NULL, 'completed', '2023-10-30 08:30:00', '2023-10-30 09:05:00', NULL, NULL, 150.00, 120.00, 7.0, 35, 'Jayanagar', 12.9298, 77.5801, 'Koramangala', 12.9351, 77.6244, TRUE, TRUE),
(42, 42, 37, 37, 3, NULL, NULL, 'completed', '2023-10-30 09:45:00', '2023-10-30 10:30:00', NULL, NULL, 380.00, 304.00, 12.5, 45, 'Indiranagar', 12.9783, 77.6408, 'Whitefield', 12.9698, 77.7499, TRUE, FALSE),
(43, 43, 38, 38, 3, NULL, NULL, 'ongoing', '2023-10-30 11:00:00', NULL, NULL, NULL, NULL, NULL, NULL, NULL, 'Bellandur', 12.9254, 77.6758, 'HSR Layout', 12.9121, 77.6445, FALSE, FALSE),
(44, 44, 39, 39, 3, NULL, NULL, 'completed', '2023-10-30 12:15:00', '2023-10-30 13:00:00', NULL, NULL, 310.00, 248.00, 10.5, 45, 'Malleswaram', 13.0031, 77.5643, 'Majestic', 12.9766, 77.5713, TRUE, TRUE),
(45, 45, 40, 40, 4, NULL, NULL, 'completed', '2023-10-30 13:30:00', '2023-10-30 14:20:00', NULL, NULL, 580.00, 464.00, 16.0, 50, 'Hebbal', 13.0353, 77.5987, 'Airport', 13.1989, 77.7068, TRUE, TRUE),
(46, 46, 41, 41, 2, NULL, NULL, 'completed', '2023-10-30 15:00:00', '2023-10-30 15:40:00', NULL, NULL, 280.00, 224.00, 9.5, 40, 'Shivajinagar', 12.9856, 77.6056, 'Domlur', 12.9609, 77.6387, FALSE, TRUE),
(47, 47, 42, 42, 1, NULL, NULL, 'cancelled', '2023-10-30 16:15:00', NULL, '2023-10-30 16:18:00', 'Traffic', NULL, NULL, NULL, NULL, 'Banashankari', 12.9175, 77.5562, 'JP Nagar', 12.9063, 77.5856, FALSE, FALSE),
(48, 48, 43, 43, 4, NULL, NULL, 'completed', '2023-10-30 17:00:00', '2023-10-30 17:50:00', NULL, NULL, 720.00, 576.00, 20.5, 50, 'Yelahanka', 13.1006, 77.5963, 'KR Puram', 13.0019, 77.6833, TRUE, TRUE),
(49, 49, 44, 44, 4, NULL, NULL, 'completed', '2023-10-30 18:30:00', '2023-10-30 19:15:00', NULL, NULL, 490.00, 392.00, 14.0, 45, 'Basavanagudi', 12.9421, 77.5746, 'Ulsoor', 12.9818, 77.6258, TRUE, FALSE),
(50, 50, 45, 45, 4, NULL, NULL, 'completed', '2023-10-30 20:00:00', '2023-10-30 20:45:00', NULL, NULL, 530.00, 424.00, 15.0, 45, 'Koramangala', 12.9351, 77.6244, 'Indiranagar', 12.9783, 77.6408, TRUE, TRUE),
(51, 51, 46, 46, 3, NULL, NULL, 'cancelled', '2023-10-31 08:00:00', NULL, '2023-10-31 08:05:00', 'Driver unverified', NULL, NULL, NULL, NULL, 'Whitefield', 12.9698, 77.7499, 'Bellandur', 12.9254, 77.6758, FALSE, FALSE),
(52, 52, 47, 47, 3, NULL, NULL, 'completed', '2023-10-31 09:15:00', '2023-10-31 10:00:00', NULL, NULL, 360.00, 288.00, 11.8, 45, 'HSR Layout', 12.9121, 77.6445, 'Malleswaram', 13.0031, 77.5643, TRUE, TRUE),
(53, 53, 48, 48, 2, NULL, NULL, 'completed', '2023-10-31 10:30:00', '2023-10-31 11:10:00', NULL, NULL, 240.00, 192.00, 8.5, 40, 'Majestic', 12.9766, 77.5713, 'Hebbal', 13.0353, 77.5987, TRUE, FALSE),
(54, 54, 49, 49, 2, NULL, NULL, 'completed', '2023-10-31 11:45:00', '2023-10-31 12:30:00', NULL, NULL, 290.00, 232.00, 10.0, 45, 'Airport', 13.1989, 77.7068, 'Yelahanka', 13.1006, 77.5963, FALSE, TRUE),
(55, 55, 50, 50, 1, NULL, NULL, 'completed', '2023-10-31 13:00:00', '2023-10-31 13:40:00', NULL, NULL, 190.00, 152.00, 7.8, 40, 'Shivajinagar', 12.9856, 77.6056, 'Domlur', 12.9609, 77.6387, TRUE, TRUE);

INSERT INTO Payment (Payment_Id, Ride_Id, Rider_Id, Method, Amount, Status, Transaction_Ref, Paid_At) VALUES
(1, 1, 1, 'UPI', 180.00, 'SUCCESS', 'TXN-UPI-1001', '2023-10-26 08:35:10'), 
(2, 2, 2, 'CREDIT_CARD', 350.00, 'SUCCESS', 'TXN-CC-1002', '2023-10-26 09:55:05'),
(3, 3, 3, 'WALLET', 420.00, 'SUCCESS', 'TXN-WLT-1003', '2023-10-26 11:20:02'), 
(4, 5, 5, 'NET_BANKING', 210.00, 'SUCCESS', 'TXN-NB-1004', '2023-10-26 13:10:15'),
(5, 8, 8, 'DEBIT_CARD', 150.00, 'SUCCESS', 'TXN-DC-1005', '2023-10-26 14:50:20'), 
(6, 9, 9, 'UPI', 650.00, 'SUCCESS', 'TXN-UPI-1006', '2023-10-26 16:15:12'),
(7, 11, 11, 'CASH', 80.00, 'SUCCESS', 'TXN-CSH-1007', '2023-10-27 08:40:00'), 
(8, 12, 13, 'UPI', 450.00, 'SUCCESS', 'TXN-UPI-1008', '2023-10-27 10:00:15'),
(9, 13, 14, 'WALLET', 120.00, 'SUCCESS', 'TXN-WLT-1009', '2023-10-27 11:00:05'), 
(10, 14, 15, 'CREDIT_CARD', 310.00, 'SUCCESS', 'TXN-CC-1010', '2023-10-27 12:30:10'),
(11, 16, 17, 'UPI', 250.00, 'SUCCESS', 'TXN-UPI-1011', '2023-10-27 14:40:05'), 
(12, 18, 19, 'NET_BANKING', 780.00, 'SUCCESS', 'TXN-NB-1012', '2023-10-27 16:00:15'),
(13, 20, 20, 'CASH', 45.00, 'SUCCESS', 'TXN-CSH-1013', '2023-10-28 08:15:00'), 
(14, 21, 21, 'UPI', 60.00, 'SUCCESS', 'TXN-UPI-1014', '2023-10-28 09:20:10'),
(15, 22, 22, 'CREDIT_CARD', 450.00, 'SUCCESS', 'TXN-CC-1015', '2023-10-28 11:15:20'), 
(16, 24, 24, 'WALLET', 95.00, 'SUCCESS', 'TXN-WLT-1016', '2023-10-28 13:30:05'),
(17, 25, 25, 'UPI', 180.00, 'SUCCESS', 'TXN-UPI-1017', '2023-10-28 15:10:15'), 
(18, 26, 26, 'DEBIT_CARD', 280.00, 'SUCCESS', 'TXN-DC-1018', '2023-10-28 16:45:10'),
(19, 27, 27, 'NET_BANKING', 480.00, 'SUCCESS', 'TXN-NB-1019', '2023-10-28 18:30:05'), 
(20, 29, 29, 'CREDIT_CARD', 320.00, 'SUCCESS', 'TXN-CC-1020', '2023-10-28 20:00:20'),
(21, 30, 30, 'UPI', 350.00, 'SUCCESS', 'TXN-UPI-1021', '2023-10-29 00:15:10'),
(22, 4, 4, 'UPI', 0.00, 'FAILED', 'TXN-UPI-1022', '2023-10-26 11:05:00'),
(23, 10, 10, 'CREDIT_CARD', 0.00, 'FAILED', 'TXN-CC-1023', '2023-10-26 17:18:00'),
(24, 31, 31, 'UPI', 110.00, 'SUCCESS', 'TXN-UPI-1024', '2023-10-29 08:25:05'),
(25, 32, 32, 'CASH', 130.00, 'SUCCESS', 'TXN-CSH-1025', '2023-10-29 09:40:10'),
(26, 34, 34, 'NET_BANKING', 450.00, 'SUCCESS', 'TXN-NB-1026', '2023-10-29 12:15:15'),
(27, 35, 35, 'WALLET', 220.00, 'SUCCESS', 'TXN-WLT-1027', '2023-10-29 13:45:00'),
(28, 36, 36, 'CREDIT_CARD', 180.00, 'SUCCESS', 'TXN-CC-1028', '2023-10-29 14:50:20'),
(29, 37, 37, 'DEBIT_CARD', 250.00, 'SUCCESS', 'TXN-DC-1029', '2023-10-29 16:10:05'),
(30, 39, 39, 'UPI', 650.00, 'SUCCESS', 'TXN-UPI-1030', '2023-10-29 18:20:10'),
(31, 40, 40, 'CASH', 480.00, 'SUCCESS', 'TXN-CSH-1031', '2023-10-29 19:40:15'),
(32, 41, 41, 'WALLET', 150.00, 'SUCCESS', 'TXN-WLT-1032', '2023-10-30 09:05:00'),
(33, 42, 42, 'UPI', 380.00, 'SUCCESS', 'TXN-UPI-1033', '2023-10-30 10:30:20'),
(34, 44, 44, 'CREDIT_CARD', 310.00, 'SUCCESS', 'TXN-CC-1034', '2023-10-30 13:00:05'),
(35, 45, 45, 'NET_BANKING', 580.00, 'SUCCESS', 'TXN-NB-1035', '2023-10-30 14:20:10'),
(36, 46, 46, 'UPI', 280.00, 'SUCCESS', 'TXN-UPI-1036', '2023-10-30 15:40:15'),
(37, 48, 48, 'DEBIT_CARD', 720.00, 'SUCCESS', 'TXN-DC-1037', '2023-10-30 17:50:00'),
(38, 49, 49, 'CASH', 490.00, 'SUCCESS', 'TXN-CSH-1038', '2023-10-30 19:15:20'),
(39, 50, 50, 'WALLET', 530.00, 'SUCCESS', 'TXN-WLT-1039', '2023-10-30 20:45:05'),
(40, 52, 52, 'UPI', 360.00, 'SUCCESS', 'TXN-UPI-1040', '2023-10-31 10:00:10'),
(41, 53, 53, 'CREDIT_CARD', 240.00, 'SUCCESS', 'TXN-CC-1041', '2023-10-31 11:10:15'),
(42, 54, 54, 'NET_BANKING', 290.00, 'SUCCESS', 'TXN-NB-1042', '2023-10-31 12:30:00'),
(43, 55, 55, 'UPI', 190.00, 'SUCCESS', 'TXN-UPI-1043', '2023-10-31 13:40:20');

INSERT INTO WALLET_TRANSACTIONS (Txn_Id, Wallet_Id, Ride_Id, Movement, Purpose, Amount, Balance_After) VALUES
(1, 1, 1, 'CREDIT', 'Ride Earning', 144.00, 1144.00), 
(2, 2, 2, 'CREDIT', 'Ride Earning', 280.00, 1080.00),
(3, 3, 3, 'CREDIT', 'Ride Earning', 336.00, 3136.00), 
(4, 6, 5, 'CREDIT', 'Ride Earning', 168.00, 1968.00),
(5, 8, 8, 'CREDIT', 'Ride Earning', 120.00, 320.00), 
(6, 9, 9, 'CREDIT', 'Ride Earning', 520.00, 2520.00),
(7, 11, 11, 'CREDIT', 'Ride Earning', 64.00, 890.00), 
(8, 13, 12, 'CREDIT', 'Ride Earning', 360.00, 5400.00),
(9, 14, 13, 'CREDIT', 'Ride Earning', 96.00, 1120.75), 
(10, 15, 14, 'CREDIT', 'Ride Earning', 248.00, 3200.00),
(11, 17, 16, 'CREDIT', 'Ride Earning', 200.00, 1650.50), 
(12, 19, 18, 'CREDIT', 'Ride Earning', 624.00, 4100.00),
(13, 21, 20, 'CREDIT', 'Ride Earning', 36.00, 36.00), 
(14, 22, 21, 'CREDIT', 'Ride Earning', 48.00, 1128.00),
(15, 23, 22, 'CREDIT', 'Ride Earning', 360.00, 3496.00),
(16, 11, 24, 'CREDIT', 'Ride Earning', 76.00, 966.00),
(17, 12, 25, 'CREDIT', 'Ride Earning', 144.00, 484.50), 
(18, 13, 26, 'CREDIT', 'Ride Earning', 224.00, 5624.00),
(19, 14, 27, 'CREDIT', 'Ride Earning', 384.00, 1504.75), 
(20, 7, 29, 'CREDIT', 'Ride Earning', 256.00, 2106.00),
(21, 8, 30, 'CREDIT', 'Ride Earning', 280.00, 600.00), 
(22, 1, NULL, 'CREDIT', 'Weekly Bonus', 500.00, 1680.00), 
(23, 2, NULL, 'DEBIT', 'Bank Withdrawal', 1000.00, 128.00),
(24, 3, NULL, 'DEBIT', 'Bank Withdrawal', 2000.00, 1496.00), 
(25, 13, NULL, 'CREDIT', 'Tip', 50.00, 5674.00),
(26, 15, NULL, 'DEBIT', 'Bank Withdrawal', 3000.00, 200.00), 
(27, 19, NULL, 'CREDIT', 'Surge Bonus', 150.00, 4250.00),
(28, 26, 31, 'CREDIT', 'Ride Earning', 88.00, 88.00),
(29, 27, 32, 'CREDIT', 'Ride Earning', 104.00, 1340.50),
(30, 29, 34, 'CREDIT', 'Ride Earning', 360.00, 5200.00),
(31, 30, 35, 'CREDIT', 'Ride Earning', 176.00, 2950.00),
(32, 31, 36, 'CREDIT', 'Ride Earning', 144.00, 144.00),
(33, 32, 37, 'CREDIT', 'Ride Earning', 200.00, 3150.25),
(34, 34, 39, 'CREDIT', 'Ride Earning', 520.00, 4800.50),
(35, 35, 40, 'CREDIT', 'Ride Earning', 384.00, 6100.75),
(36, 36, 41, 'CREDIT', 'Ride Earning', 120.00, 520.00),
(37, 37, 42, 'CREDIT', 'Ride Earning', 304.00, 1440.50),
(38, 39, 44, 'CREDIT', 'Ride Earning', 248.00, 2320.75),
(39, 40, 45, 'CREDIT', 'Ride Earning', 464.00, 5100.00),
(40, 41, 46, 'CREDIT', 'Ride Earning', 224.00, 224.00),
(41, 43, 48, 'CREDIT', 'Ride Earning', 576.00, 350.00),
(42, 44, 49, 'CREDIT', 'Ride Earning', 392.00, 8200.00),
(43, 45, 50, 'CREDIT', 'Ride Earning', 424.00, 3950.00),
(44, 47, 52, 'CREDIT', 'Ride Earning', 288.00, 430.50),
(45, 48, 53, 'CREDIT', 'Ride Earning', 192.00, 1150.00),
(46, 49, 54, 'CREDIT', 'Ride Earning', 232.00, 2700.25),
(47, 50, 55, 'CREDIT', 'Ride Earning', 152.00, 1650.00),
(48, 44, NULL, 'DEBIT', 'Bank Withdrawal', 2000.00, 6200.00),
(49, 45, NULL, 'DEBIT', 'Bank Withdrawal', 1000.00, 2950.00),
(50, 49, NULL, 'CREDIT', 'Surge Bonus', 300.00, 3000.25);

INSERT INTO Rating (Ride_Id, Rating_For_Driver, Driver_Comment, Rating_For_Rider, Rider_Comment) VALUES
(1, 5, 'Smooth drive', 5, 'Polite passenger'), 
(2, 4, 'A bit slow', NULL, NULL),
(3, NULL, NULL, 5, 'On time'), 
(5, 5, 'Clean car', 4, 'Good'),
(8, 4, 'Polite driver', 5, 'Great passenger'), 
(9, 5, 'Luxury experience', NULL, NULL),
(11, 4, 'Good auto ride', 5, 'Fast payment'), 
(12, 5, 'Excellent', 5, 'Perfect'),
(13, 3, 'Car wasnt clean', 4, 'Okay'), 
(14, 5, 'Very professional', 5, 'Ready on time'),
(16, 4, 'Standard ride', 5, 'Nice conversation'), 
(18, 5, 'Amazing driver', 5, 'Smooth drop'),
(20, 5, 'Fast pickup', 5, 'No issues'), 
(21, 4, 'Good', 4, 'Good'),
(22, 5, 'Great experience', 5, 'Very nice'),
(24, 4, 'Safe driving', 4, 'Good'),
(25, 5, 'Quick route', 5, 'Thank you'),
(26, 3, 'Driver was late', 5, 'Understood the traffic'),
(27, 5, 'Perfect', 5, 'Perfect'),
(29, 4, 'Good SUV', 5, 'A bit loud'),
(30, 5, 'Night drive safe', 5, 'Okay'),
(31, 5, 'Fast and safe', 4, 'Polite'),
(32, 4, 'Good navigation', 5, 'Perfect payment'),
(34, 5, 'Clean Premium Car', 5, 'VIP Experience'),
(35, 4, 'Okay', 4, 'Okay'),
(36, 5, 'Excellent', 5, 'Nice conversation'),
(37, 3, 'A bit bumpy', 4, 'Understandable road'),
(39, 5, 'Best driver', 5, 'Ready on time'),
(40, 5, 'Smooth', 5, 'Smooth'),
(41, 4, 'Good', 4, 'Good'),
(42, 5, 'Very polite', 5, 'Great'),
(44, 4, 'Fast', 4, 'Fast'),
(45, 5, 'Amazing', 5, 'Amazing'),
(46, 3, 'Car issue', 4, 'Okay'),
(48, 5, 'Safe', 5, 'Safe'),
(49, 4, 'Good', 5, 'Good'),
(50, 5, 'Excellent', 5, 'Excellent'),
(52, 5, 'Perfect', 5, 'Perfect'),
(53, 4, 'Okay', 4, 'Okay'),
(54, 5, 'Nice', 5, 'Nice'),
(55, 5, 'Great', 5, 'Great');

INSERT INTO Ride_Status_Log (Log_Id, Ride_Id, Status, Created_At, Change_By) VALUES
(1, 1, 'requested', '2023-10-26 08:00:00', 'Rider'), 
(2, 1, 'accepted', '2023-10-26 08:00:15', 'Driver'),
(3, 1, 'arrived', '2023-10-26 08:05:00', 'Driver'), 
(4, 1, 'ongoing', '2023-10-26 08:06:00', 'Driver'),
(5, 1, 'completed', '2023-10-26 08:35:00', 'Driver'), 
(6, 2, 'requested', '2023-10-26 09:15:00', 'Rider'),
(7, 2, 'accepted', '2023-10-26 09:15:20', 'Driver'), 
(8, 2, 'arrived', '2023-10-26 09:25:00', 'Driver'),
(9, 2, 'ongoing', '2023-10-26 09:26:00', 'Driver'), 
(10, 2, 'completed', '2023-10-26 09:55:00', 'Driver'),
(11, 3, 'requested', '2023-10-26 10:30:00', 'Rider'), 
(12, 3, 'accepted', '2023-10-26 10:30:10', 'Driver'),
(13, 3, 'ongoing', '2023-10-26 10:35:00', 'Driver'), 
(14, 3, 'completed', '2023-10-26 11:20:00', 'Driver'),
(15, 4, 'requested', '2023-10-26 11:00:00', 'Rider'), 
(16, 4, 'accepted', '2023-10-26 11:00:30', 'Driver'),
(17, 4, 'cancelled', '2023-10-26 11:05:00', 'Rider'), 
(18, 5, 'requested', '2023-10-26 12:45:00', 'Rider'),
(19, 5, 'accepted', '2023-10-26 12:45:15', 'Driver'), 
(20, 5, 'completed', '2023-10-26 13:10:00', 'Driver'),
(21, 6, 'requested', '2023-10-26 18:30:00', 'Rider'),
(22, 6, 'accepted', '2023-10-26 18:30:45', 'Driver'),
(23, 6, 'ongoing', '2023-10-26 18:35:00', 'Driver'),
(24, 7, 'requested', '2023-10-26 19:00:00', 'Rider'),
(25, 8, 'requested', '2023-10-26 14:20:00', 'Rider'),
(26, 8, 'accepted', '2023-10-26 14:21:00', 'Driver'),
(27, 8, 'completed', '2023-10-26 14:50:00', 'Driver'),
(28, 9, 'requested', '2023-10-26 15:30:00', 'Rider'),
(29, 9, 'completed', '2023-10-26 16:15:00', 'Driver'),
(30, 10, 'requested', '2023-10-26 17:15:00', 'Rider'),
(31, 10, 'cancelled', '2023-10-26 17:18:00', 'Rider'),
(32, 11, 'requested', '2023-10-27 08:15:00', 'Rider'), 
(33, 11, 'accepted', '2023-10-27 08:15:10', 'Driver'),
(34, 11, 'arrived', '2023-10-27 08:20:00', 'Driver'), 
(35, 11, 'ongoing', '2023-10-27 08:21:00', 'Driver'),
(36, 11, 'completed', '2023-10-27 08:40:00', 'Driver'), 
(37, 12, 'requested', '2023-10-27 09:00:00', 'Rider'),
(38, 12, 'accepted', '2023-10-27 09:00:45', 'Driver'), 
(39, 12, 'ongoing', '2023-10-27 09:05:00', 'Driver'),
(40, 12, 'completed', '2023-10-27 10:00:00', 'Driver'), 
(41, 13, 'requested', '2023-10-27 10:30:00', 'Rider'),
(42, 13, 'accepted', '2023-10-27 10:30:20', 'Driver'),
(43, 13, 'arrived', '2023-10-27 10:35:00', 'Driver'),
(44, 13, 'ongoing', '2023-10-27 10:36:00', 'Driver'),
(45, 13, 'completed', '2023-10-27 11:00:00', 'Driver'),
(46, 28, 'requested', '2023-10-28 18:00:00', 'Rider'), 
(47, 28, 'accepted', '2023-10-28 18:00:30', 'Driver'),
(48, 28, 'cancelled', '2023-10-28 18:10:00', 'Driver'),
(49, 31, 'requested', '2023-10-29 08:00:00', 'Rider'),
(50, 31, 'accepted', '2023-10-29 08:01:00', 'Driver'),
(51, 31, 'arrived', '2023-10-29 08:05:00', 'Driver'),
(52, 31, 'ongoing', '2023-10-29 08:06:00', 'Driver'),
(53, 31, 'completed', '2023-10-29 08:25:00', 'Driver'),
(54, 32, 'requested', '2023-10-29 09:10:00', 'Rider'),
(55, 32, 'accepted', '2023-10-29 09:11:00', 'Driver'),
(56, 32, 'ongoing', '2023-10-29 09:15:00', 'Driver'),
(57, 32, 'completed', '2023-10-29 09:40:00', 'Driver'),
(58, 33, 'requested', '2023-10-29 10:15:00', 'Rider'),
(59, 33, 'accepted', '2023-10-29 10:16:00', 'Driver'),
(60, 33, 'cancelled', '2023-10-29 10:20:00', 'Driver'),
(61, 34, 'requested', '2023-10-29 11:30:00', 'Rider'),
(62, 34, 'accepted', '2023-10-29 11:31:00', 'Driver'),
(63, 34, 'ongoing', '2023-10-29 11:35:00', 'Driver'),
(64, 34, 'completed', '2023-10-29 12:15:00', 'Driver'),
(65, 35, 'requested', '2023-10-29 13:00:00', 'Rider'),
(66, 35, 'accepted', '2023-10-29 13:01:00', 'Driver'),
(67, 35, 'completed', '2023-10-29 13:45:00', 'Driver'),
(68, 36, 'requested', '2023-10-29 14:15:00', 'Rider'),
(69, 36, 'accepted', '2023-10-29 14:16:00', 'Driver'),
(70, 36, 'completed', '2023-10-29 14:50:00', 'Driver'),
(71, 37, 'requested', '2023-10-29 15:30:00', 'Rider'),
(72, 37, 'accepted', '2023-10-29 15:31:00', 'Driver'),
(73, 37, 'completed', '2023-10-29 16:10:00', 'Driver'),
(74, 38, 'requested', '2023-10-29 16:45:00', 'Rider'),
(75, 38, 'accepted', '2023-10-29 16:46:00', 'Driver'),
(76, 38, 'cancelled', '2023-10-29 16:48:00', 'Rider'),
(77, 39, 'requested', '2023-10-29 17:30:00', 'Rider'),
(78, 39, 'accepted', '2023-10-29 17:31:00', 'Driver'),
(79, 39, 'completed', '2023-10-29 18:20:00', 'Driver'),
(80, 40, 'requested', '2023-10-29 19:00:00', 'Rider'),
(81, 40, 'accepted', '2023-10-29 19:01:00', 'Driver'),
(82, 40, 'completed', '2023-10-29 19:40:00', 'Driver'),
(83, 41, 'requested', '2023-10-30 08:30:00', 'Rider'),
(84, 41, 'accepted', '2023-10-30 08:31:00', 'Driver'),
(85, 41, 'completed', '2023-10-30 09:05:00', 'Driver'),
(86, 42, 'requested', '2023-10-30 09:45:00', 'Rider'),
(87, 42, 'accepted', '2023-10-30 09:46:00', 'Driver'),
(88, 42, 'completed', '2023-10-30 10:30:00', 'Driver'),
(89, 43, 'requested', '2023-10-30 11:00:00', 'Rider'),
(90, 43, 'accepted', '2023-10-30 11:01:00', 'Driver'),
(91, 43, 'ongoing', '2023-10-30 11:05:00', 'Driver'),
(92, 44, 'requested', '2023-10-30 12:15:00', 'Rider'),
(93, 44, 'accepted', '2023-10-30 12:16:00', 'Driver'),
(94, 44, 'completed', '2023-10-30 13:00:00', 'Driver'),
(95, 45, 'requested', '2023-10-30 13:30:00', 'Rider'),
(96, 45, 'accepted', '2023-10-30 13:31:00', 'Driver'),
(97, 45, 'completed', '2023-10-30 14:20:00', 'Driver'),
(98, 46, 'requested', '2023-10-30 15:00:00', 'Rider'),
(99, 46, 'accepted', '2023-10-30 15:01:00', 'Driver'),
(100, 46, 'completed', '2023-10-30 15:40:00', 'Driver'),
(101, 47, 'requested', '2023-10-30 16:15:00', 'Rider'),
(102, 47, 'accepted', '2023-10-30 16:16:00', 'Driver'),
(103, 47, 'cancelled', '2023-10-30 16:18:00', 'Rider'),
(104, 48, 'requested', '2023-10-30 17:00:00', 'Rider'),
(105, 48, 'accepted', '2023-10-30 17:01:00', 'Driver'),
(106, 48, 'completed', '2023-10-30 17:50:00', 'Driver'),
(107, 49, 'requested', '2023-10-30 18:30:00', 'Rider'),
(108, 49, 'accepted', '2023-10-30 18:31:00', 'Driver'),
(109, 49, 'completed', '2023-10-30 19:15:00', 'Driver'),
(110, 50, 'requested', '2023-10-30 20:00:00', 'Rider'),
(111, 50, 'accepted', '2023-10-30 20:01:00', 'Driver'),
(112, 50, 'completed', '2023-10-30 20:45:00', 'Driver'),
(113, 51, 'requested', '2023-10-31 08:00:00', 'Rider'),
(114, 51, 'cancelled', '2023-10-31 08:05:00', 'Driver'),
(115, 52, 'requested', '2023-10-31 09:15:00', 'Rider'),
(116, 52, 'accepted', '2023-10-31 09:16:00', 'Driver'),
(117, 52, 'completed', '2023-10-31 10:00:00', 'Driver'),
(118, 53, 'requested', '2023-10-31 10:30:00', 'Rider'),
(119, 53, 'accepted', '2023-10-31 10:31:00', 'Driver'),
(120, 53, 'completed', '2023-10-31 11:10:00', 'Driver'),
(121, 54, 'requested', '2023-10-31 11:45:00', 'Rider'),
(122, 54, 'accepted', '2023-10-31 11:46:00', 'Driver'),
(123, 54, 'completed', '2023-10-31 12:30:00', 'Driver'),
(124, 55, 'requested', '2023-10-31 13:00:00', 'Rider'),
(125, 55, 'accepted', '2023-10-31 13:01:00', 'Driver'),
(126, 55, 'completed', '2023-10-31 13:40:00', 'Driver');
